<?xml version = '1.0' encoding = 'UTF-8'?>
<DatamodelerPersistedDDLSelection designName="CA_SA" objectID="68478CA1-C53E-662D-BBA9-8744D10074D9">
   <IncludeComments isSelected="false"/>
   <applyNameSubstitution isSelected="false"/>
   <generateDDLInFiles isSelected="false"/>
   <generateRESTServices isSelected="false"/>
   <activeScriptSetCBIndex selectedIndex="1"/>
   <oracle.dbtools.crest.model.design.relational.RelationalDesign objectID="998FCBE9-4D39-27E6-C50A-2471F19DF1E0">
      <object objectID="FCF3F1A1-B9D5-6625-3924-59EB9A1A89B9" markedGenerate="true"/>
      <object objectID="14819386-DB4A-A082-E3D7-642AC699C666" markedGenerate="true"/>
      <object objectID="A0AB3B04-465C-0F2B-ADE0-FA528EBA16AD" markedGenerate="true"/>
      <object objectID="0F237F5C-9076-3990-FE11-D90BCD2FC09C" markedGenerate="true"/>
      <object objectID="41CB401D-CBCA-7E83-5E77-6804A52CC65A" markedGenerate="true"/>
      <object objectID="CFC19ED8-00B8-86CE-3871-CCD9DDCBC693" markedGenerate="true"/>
      <object objectID="965DCBD8-5AAD-5FCF-2787-7FF82F0F9ABF" markedGenerate="true"/>
      <object objectID="AF69D9D3-BE06-A91D-FFFE-1B7C6983FB56" markedGenerate="true"/>
      <object objectID="2CE756FF-B8D5-E47F-B7DE-F30FE61F6A1C" markedGenerate="true"/>
      <object objectID="8B13BEE5-C1E5-A6C6-51DB-802E30DB10A4" markedGenerate="true"/>
      <object objectID="D97CE751-00BF-9494-57DA-955657DBC04C" markedGenerate="true"/>
      <object objectID="9D749D57-CC10-C85A-DAFD-A0ED98C1F765" markedGenerate="true"/>
      <object objectID="F3DCAFBD-87A9-5822-BDF5-3B483C404179" markedGenerate="true"/>
      <object objectID="63D2750E-32DE-40CC-6A76-CFDF0E0B8209" markedGenerate="true"/>
      <object objectID="6AC4E95A-BF71-0B1C-A5F6-B72F40196ABF" markedGenerate="true"/>
      <object objectID="BA889BEA-56E1-C1E7-2F93-5516B97DB5FD" markedGenerate="true"/>
      <object objectID="73244F09-5791-6358-BA14-75A70A01BBCA" markedGenerate="true"/>
      <object objectID="7EFA4A34-8039-BD22-8DF8-790AC7AF6533" markedGenerate="true"/>
      <object objectID="3A07478E-E709-C64E-669E-300EC48A5860" markedGenerate="true"/>
      <object objectID="E9296C35-CD19-5845-FA29-2FE35EF0E1CC" markedGenerate="true"/>
      <object objectID="FBDC7383-1F62-7119-5DA4-B05AAAC1085C" markedGenerate="true"/>
      <object objectID="F19873E7-77E4-1BAE-5212-70DA2E8F6BB7" markedGenerate="true"/>
      <object objectID="C4CE6E21-FD8D-235E-6B8E-AC3995F033B1" markedGenerate="true"/>
      <object objectID="01C96561-3338-7F80-9942-CB86F641A633" markedGenerate="true"/>
      <object objectID="DB32FE16-3573-32F5-1419-7CA9EF7C617F" markedGenerate="true"/>
      <object objectID="8BB6BF9D-51F0-8E78-5B9D-FEA40D399F68" markedGenerate="true"/>
      <object objectID="370CE684-6433-523C-1AE8-A1008CD08FCA" markedGenerate="true"/>
      <object objectID="D908414A-54A9-EE1E-2788-4E3078CAE6D2" markedGenerate="true"/>
      <object objectID="7628A894-B90B-CF19-D8C8-CD4CCDBA2E33" markedGenerate="true"/>
      <object objectID="C912CE52-25BC-DFB6-21C9-D2F78FB600FE" markedGenerate="true"/>
      <object objectID="C2DA3F33-2D8F-C2A3-0987-C69E923119A5" markedGenerate="true"/>
      <object objectID="8C4A2732-711A-2F92-A73F-CC958F75CFDB" markedGenerate="true"/>
      <object objectID="D834587A-B80C-CC66-0BCF-7184407FFEC8" markedGenerate="true"/>
      <object objectID="4D8DB7B3-7A72-3BE3-D8A9-0EB1D5EB64AC" markedGenerate="true"/>
      <object objectID="EB2E6D13-7481-9A87-416C-EBD3FCFEE743" markedGenerate="true"/>
      <object objectID="66D8692D-52E9-D1B4-FBE2-3EB81B70D920" markedGenerate="true"/>
      <object objectID="47E390DE-0671-C4B1-8428-0F45CBEE18F8" markedGenerate="true"/>
      <object objectID="F72C39E0-D1CA-8821-2AD7-A1E95A37D3D1" markedGenerate="true"/>
   </oracle.dbtools.crest.model.design.relational.RelationalDesign>
   <storageDesignObject storageDesignClass="oracle.dbtools.crest.model.design.storage.oracle.v12cr2.StorageDesignOraclev12cR2" objectID="95C0F45E-4532-4C39-9F7C-71770F1EE2A0" storageDesignName="Oracle Database 12cR2">
      <object objectID="508E7ABA-BA84-88D5-820B-EBFE06C62B19" markedGenerate="false"/>
      <object objectID="MDSYS" markedGenerate="false"/>
      <object objectID="62DD8B1D-8659-9C76-BA85-786FDE072833" markedGenerate="true"/>
      <object objectID="B1E2CE53-6418-B219-6C7B-54964AB14CD2" markedGenerate="true"/>
      <object objectID="PUBLIC" markedGenerate="false"/>
      <object objectID="47E390DE-0671-C4B1-8428-0F45CBEE18F8" markedGenerate="true"/>
      <object objectID="F72C39E0-D1CA-8821-2AD7-A1E95A37D3D1" markedGenerate="true"/>
      <object objectID="E9A00601-1758-5E87-3C8A-C8F4A231032C" markedGenerate="true"/>
      <object objectID="5373AD0D-B034-27FD-A801-9F235B2438C3" markedGenerate="true"/>
      <object objectID="70ED09B4-924F-D8DB-4312-FC12AE33B54E" markedGenerate="true"/>
      <object objectID="4A89CA8F-6C8C-A036-9B42-A61670EE025C" markedGenerate="true"/>
      <object objectID="5C0876E9-01DC-E5EC-9BA6-5748B4F5AAE4" markedGenerate="true"/>
      <object objectID="55ABB72E-A2E3-277B-2E20-A4D7C38DF3E6" markedGenerate="true"/>
      <object objectID="7C4F3B93-91CF-5101-2129-A3BA40309985" markedGenerate="true"/>
      <object objectID="01BD581F-AF81-0089-1CF4-BAC0BB2D9600" markedGenerate="true"/>
      <object objectID="9A5AC684-D580-767C-C310-673CC82E1AA0" markedGenerate="true"/>
      <object objectID="93356E0E-3430-2212-3738-378E66181738" markedGenerate="true"/>
      <object objectID="46B54FEF-53BF-65AC-BE44-6BFBCD16E9C5" markedGenerate="true"/>
      <object objectID="5832D561-B2BC-A980-1ACD-147C694B2E2F" markedGenerate="true"/>
      <object objectID="2BAB4F75-758F-3448-F21C-5312BA5A6AA6" markedGenerate="true"/>
      <object objectID="4F2F5D4B-D1BA-AA70-B72C-E02C7AFE4D75" markedGenerate="true"/>
      <object objectID="48236B7D-DA4F-9604-3370-B6AF15DA17A9" markedGenerate="true"/>
      <object objectID="FFDD84A3-500C-C8A1-C4F4-49D2481BFAB2" markedGenerate="true"/>
      <object objectID="0FD090F4-911A-47E2-944D-1DFB8AA0BCBE" markedGenerate="true"/>
      <object objectID="3422B73E-3E66-1BB7-F30C-8983664B5646" markedGenerate="true"/>
      <object objectID="46390C65-27E1-EA39-6805-99F1A74551B8" markedGenerate="true"/>
      <object objectID="B6859D97-8143-2938-1FE9-1394E0BC8474" markedGenerate="true"/>
      <object objectID="78D1BD69-3612-5B61-B6D6-DF27761D8977" markedGenerate="true"/>
      <object objectID="F3111E12-0C41-0A85-6102-F1DD129493BA" markedGenerate="true"/>
      <object objectID="4BB53999-E9E3-9CB7-325D-C7AAB03E4B0A" markedGenerate="true"/>
      <object objectID="B262319C-5A35-5FF6-0CED-D4CC740E9755" markedGenerate="true"/>
      <object objectID="966302F5-7415-F473-2A17-BD3207BCA08F" markedGenerate="true"/>
      <object objectID="5534B14F-A66D-CF8B-6CBF-4F7022D1ABA9" markedGenerate="true"/>
      <object objectID="4F358DAF-5471-EEB6-85E1-78B3B5564803" markedGenerate="true"/>
      <object objectID="5E30C222-09B8-6E2B-4432-553C954EC7D1" markedGenerate="true"/>
      <object objectID="7C898E3A-A411-911E-4CD9-0BF7EA167A81" markedGenerate="true"/>
      <object objectID="FD3A7C93-9C10-A282-C6A7-8FF58E82F538" markedGenerate="true"/>
      <object objectID="F9E32549-EBD1-5633-AB7B-A25B99AE0509" markedGenerate="true"/>
      <object objectID="92173B72-5383-57EF-A075-44E7E3B92414" markedGenerate="true"/>
      <object objectID="FD2FD3C3-9F27-FA54-A45F-2964F53696EB" markedGenerate="true"/>
      <object objectID="3909A04F-A3E8-A234-438B-82485695040D" markedGenerate="true"/>
      <object objectID="CE9453AA-E140-AFD0-2B31-18A8E98C60B1" markedGenerate="true"/>
      <object objectID="657C7887-84DF-F6AE-5347-812BAD2C2CEF" markedGenerate="true"/>
      <object objectID="C6864187-9193-22D6-EDCC-37A2EFBAA45B" markedGenerate="true"/>
      <object objectID="42686BC5-1CAC-A4FB-A42E-D66968C8F80B" markedGenerate="true"/>
      <object objectID="C7E27D02-9BCC-50F1-0FB5-ED8B41549752" markedGenerate="true"/>
      <object objectID="A5A54821-1B6E-E689-3C23-11D880179EE2" markedGenerate="true"/>
      <object objectID="F02E191A-7A14-C5E5-876D-4F1940D100D8" markedGenerate="true"/>
      <object objectID="2960A2B0-97F8-E944-0920-792698F12456" markedGenerate="true"/>
      <object objectID="BFF78446-CE4F-8B43-F670-4D06C56BAB55" markedGenerate="true"/>
      <object objectID="A14D252A-F813-A175-BFDE-7B9DEF854936" markedGenerate="true"/>
      <object objectID="0603232F-23BE-84A1-D480-47F804B9AE1D" markedGenerate="true"/>
      <object objectID="4ADA7E29-BD03-4202-BDE9-DE56F03A7C62" markedGenerate="true"/>
      <object objectID="90BF252D-C09D-3166-55AA-2AB5653EB010" markedGenerate="true"/>
      <object objectID="52D171E4-73B7-1B12-0C71-41556C104393" markedGenerate="true"/>
      <object objectID="52DAF2CD-7917-9047-088C-A21948D8A549" markedGenerate="true"/>
      <object objectID="C9AAA08C-25E1-68AA-AAB9-9013D0A1CF61" markedGenerate="true"/>
      <object objectID="49817CDA-66F3-1E43-44A0-7ABB21815C2B" markedGenerate="true"/>
      <object objectID="9D8BB7D3-E09C-8720-AAD9-3DFF98B38F24" markedGenerate="true"/>
      <object objectID="CBB8C30C-7168-F1D4-3C48-B96F48F46227" markedGenerate="true"/>
      <object objectID="4B18D6C4-828E-E713-ABC7-7D6ECC91358E" markedGenerate="true"/>
      <object objectID="6619015C-0ECC-C4D8-551B-D57DF5965DBD" markedGenerate="true"/>
      <object objectID="4993FB8B-24F9-8EAD-0BB7-2294BD4FB416" markedGenerate="true"/>
      <object objectID="4DCAA68F-1B33-4CE0-A351-51CD0DA61115" markedGenerate="true"/>
      <object objectID="F18D09CF-4053-A098-9BAC-7765E1BF4B1A" markedGenerate="true"/>
      <object objectID="2E6FFAA6-74F4-6551-E847-0BA884B22DF6" markedGenerate="true"/>
      <object objectID="5928418F-44CB-CE25-F87A-157E5D368575" markedGenerate="true"/>
      <object objectID="B19808CE-6AA1-EB63-899B-777FBF5875DC" markedGenerate="true"/>
      <object objectID="A8AC4769-D2DF-6123-F673-4A2B83F4C492" markedGenerate="true"/>
      <object objectID="E54549BB-59FE-4AFD-CB11-2C70F6461001" markedGenerate="true"/>
      <object objectID="9FD3CA3E-21EA-64AD-2480-CEDB95C2A932" markedGenerate="true"/>
      <object objectID="ADA242A1-E0EC-8710-D773-76B9EC3890FC" markedGenerate="true"/>
      <object objectID="C85E7A24-4B89-3C48-55B3-53B301517034" markedGenerate="true"/>
      <object objectID="53F632EC-B5A9-93ED-CB05-5080C9A5374A" markedGenerate="true"/>
      <object objectID="CC7D0B23-35C6-0A12-A7F9-039A7EE35851" markedGenerate="true"/>
      <object objectID="54344B8F-95F6-2FD2-D082-C781EAE8D948" markedGenerate="true"/>
      <object objectID="F51A0DE4-4DA9-FBDB-3F75-B5D52F039143" markedGenerate="true"/>
      <object objectID="74A40E6B-AB4D-E53C-8246-27B8AF61D4A8" markedGenerate="true"/>
      <object objectID="708049D2-9E33-9DAC-EE62-5080BDDAF079" markedGenerate="true"/>
      <object objectID="1FF88D48-6C28-983A-6A0D-3BEF9C99EAD8" markedGenerate="true"/>
      <object objectID="FEA4D0AF-4125-741A-B0EC-CFE328033DBB" markedGenerate="true"/>
      <object objectID="3EE36158-A747-E319-8B5E-062FE5D43561" markedGenerate="true"/>
      <object objectID="B333A3C3-310A-E238-AB1C-8CD653089043" markedGenerate="true"/>
   </storageDesignObject>
   <storageDesignObject storageDesignClass="oracle.dbtools.crest.model.design.storage.oracle.v12cr2.StorageDesignOraclev12cR2" objectID="650D2807-73FE-62EB-8D9D-002F552A1C22" storageDesignName="Oracle Database 12cR2">
      <object objectID="9B9D3200-E451-A65C-8E4D-ECE5BEB847A5" markedGenerate="false"/>
      <object objectID="MDSYS" markedGenerate="false"/>
      <object objectID="8A7256EA-4187-9DB4-E8F3-C4E689AD04F4" markedGenerate="true"/>
      <object objectID="PUBLIC" markedGenerate="false"/>
      <object objectID="47E390DE-0671-C4B1-8428-0F45CBEE18F8" markedGenerate="true"/>
      <object objectID="F72C39E0-D1CA-8821-2AD7-A1E95A37D3D1" markedGenerate="true"/>
      <object objectID="21B92B4C-C186-6955-1DB9-BD054B4FE637" markedGenerate="true"/>
      <object objectID="A702BBE9-6CFC-1AB5-C79C-2E357F01151C" markedGenerate="true"/>
      <object objectID="F962E0F0-A06A-2C45-2490-A07FB502AA9A" markedGenerate="true"/>
      <object objectID="7AE7E53E-70CE-C24B-ED41-AF1EBE48DE27" markedGenerate="true"/>
      <object objectID="B37DFA2D-A68B-6DA3-7AFD-38A5065A745D" markedGenerate="true"/>
      <object objectID="29CD35AD-E7F7-FE27-ACE6-A94A71B182DD" markedGenerate="true"/>
      <object objectID="61649089-9AB1-775D-D397-3AE427E48768" markedGenerate="true"/>
      <object objectID="C9918C6C-6900-5CAA-A4D5-2D66C09AADE1" markedGenerate="true"/>
      <object objectID="EDC6E838-EEE8-ED1F-6072-2871150C3993" markedGenerate="true"/>
      <object objectID="12D848C9-C21B-68C7-E03D-367C5826E8B2" markedGenerate="true"/>
      <object objectID="1A692BBF-204C-1C1A-1297-DA8B3019C1D6" markedGenerate="true"/>
      <object objectID="D43A5025-461A-73DB-ECB0-A85E3389FFEC" markedGenerate="true"/>
      <object objectID="F0738445-DB24-904C-A1C4-F0F103DC4DE7" markedGenerate="true"/>
      <object objectID="3F9FDDBE-6CC9-A628-DF84-ABC8B8E7F7DD" markedGenerate="true"/>
      <object objectID="4D27373F-F0E0-73FB-BEC0-FACADF3B1FAA" markedGenerate="true"/>
      <object objectID="0A6AC377-FCA0-E256-27A5-0398E13DFCDD" markedGenerate="true"/>
      <object objectID="C00F1355-BFC2-4BFD-C4E1-2B71288E2378" markedGenerate="true"/>
      <object objectID="982205C9-14D8-1968-019F-D747C32966F3" markedGenerate="true"/>
      <object objectID="511A74E8-21F7-95A9-8438-6E52B1882D45" markedGenerate="true"/>
      <object objectID="5EB7B556-6266-DCD9-3E63-34F7FCE1AB5D" markedGenerate="true"/>
      <object objectID="BC3BCF3F-6BD4-ADCB-E8EA-372B1B6CC0FB" markedGenerate="true"/>
      <object objectID="B9F636CA-9FEB-1450-298B-0476C0C8C6CB" markedGenerate="true"/>
      <object objectID="4CEFF269-5AE9-D2C0-1789-30FE9A3DB01C" markedGenerate="true"/>
      <object objectID="5AFA7816-6003-3CEE-DDF2-F9732461CEE6" markedGenerate="true"/>
      <object objectID="ADF7D2CD-EF35-0AAB-3D33-1BA063505D62" markedGenerate="true"/>
      <object objectID="1D4DA14B-5ABD-4F69-3E87-CE7A5CF8C6B3" markedGenerate="true"/>
      <object objectID="60AC02E1-8B25-08C9-92D4-08D27EEA0CCD" markedGenerate="true"/>
      <object objectID="0C30DB35-C155-71DB-0C0A-BD79FB5EAF2E" markedGenerate="true"/>
      <object objectID="53FF627D-3727-E36F-51E6-2FE9AD38DB43" markedGenerate="true"/>
      <object objectID="27844ECC-193C-8266-B111-8D1F13090A5E" markedGenerate="true"/>
      <object objectID="26BB9C39-221E-E3B3-8E6E-622128946467" markedGenerate="true"/>
      <object objectID="974D1C32-2E8F-C635-C3D4-2DC8CB4365F4" markedGenerate="true"/>
      <object objectID="EAE244C6-5206-E500-32C2-41CD084B2F1F" markedGenerate="true"/>
      <object objectID="6C58B982-87D8-9CC1-A8B0-FC595B95AA2A" markedGenerate="true"/>
      <object objectID="9B776B5B-EF01-7E0D-F27A-17E95CD4DF3A" markedGenerate="true"/>
      <object objectID="70C3AF67-9F16-7E64-C0B4-3954EAA13CFD" markedGenerate="true"/>
      <object objectID="E0F96A74-0CE7-EE53-736A-113850DFF0E9" markedGenerate="true"/>
      <object objectID="278FF226-387A-B3A2-02CC-3BBE3E9C802D" markedGenerate="true"/>
      <object objectID="FE349645-48FC-47A5-71CB-DA80FD929D2C" markedGenerate="true"/>
      <object objectID="3B5A10A4-F229-02C1-7885-CC6A9D4B2C85" markedGenerate="true"/>
      <object objectID="BB91CC0C-166B-4321-A40E-536EF35814B0" markedGenerate="true"/>
      <object objectID="ACD5CECA-AE09-F073-7404-9B571720E7D1" markedGenerate="true"/>
      <object objectID="8EEA1301-45FF-3219-288F-2A9845FEC3B1" markedGenerate="true"/>
      <object objectID="76076F0D-87F6-1AFF-ACA8-DE0908F5989F" markedGenerate="true"/>
      <object objectID="28E1E9C0-6A6D-C6FF-C225-1F9439571245" markedGenerate="true"/>
      <object objectID="8C4E7776-A907-AA37-033E-BB589FABDB6C" markedGenerate="true"/>
      <object objectID="1745FD58-14C3-756C-5C05-A3F0B8FFBD23" markedGenerate="true"/>
      <object objectID="0CA72438-9DEA-A7ED-B9A7-1E2DB8DC68C7" markedGenerate="true"/>
      <object objectID="FB510D35-4699-F0BB-F029-40009738F562" markedGenerate="true"/>
      <object objectID="E5409E44-669C-1F6F-D374-49FF4E5D3030" markedGenerate="true"/>
      <object objectID="C85B3B7B-FB5F-F9DE-D59D-789320719148" markedGenerate="true"/>
      <object objectID="81205393-29D6-207F-F7E2-3ACEAEF9F014" markedGenerate="true"/>
      <object objectID="744703C2-59F8-CFA3-E013-D59FE535F05C" markedGenerate="true"/>
      <object objectID="3E96E8B1-3CFD-4E80-8D46-551ED0911E2D" markedGenerate="true"/>
      <object objectID="881578D6-6914-08E3-1B0D-F2FB3AACA4F0" markedGenerate="true"/>
      <object objectID="C3FD2946-607F-C117-4772-604FCD607928" markedGenerate="true"/>
      <object objectID="E8101C97-AB41-E92A-2F2D-6AE412420CB6" markedGenerate="true"/>
      <object objectID="D4669AE5-A447-6D6C-AC9D-BFC9F9E61EED" markedGenerate="true"/>
      <object objectID="FEDCF612-4110-576C-25FF-8060BC5D3649" markedGenerate="true"/>
      <object objectID="1B3DAA14-5485-A741-C831-7BECC1808214" markedGenerate="true"/>
      <object objectID="B64125F7-E879-6809-032A-8A2E86549EF0" markedGenerate="true"/>
      <object objectID="FC16AE0A-DE73-7BCF-1599-03C23527459C" markedGenerate="true"/>
      <object objectID="464E679D-BC7C-E20A-DC41-124009C8EA7F" markedGenerate="true"/>
      <object objectID="EC0C4B3B-1BEA-C8D0-0830-F1A361D3D3B5" markedGenerate="true"/>
      <object objectID="0AF5210A-602A-3946-C424-8344BFEEB74B" markedGenerate="true"/>
   </storageDesignObject>
   <storageDesignObject storageDesignClass="oracle.dbtools.crest.model.design.storage.oracle.v12cr2.StorageDesignOraclev12cR2" objectID="C6F1CDCB-B4AD-BDB4-7610-76E0DC756341" storageDesignName="Oracle Database 12cR2">
      <object objectID="4DD0A9BD-91EE-6A32-9B03-CB8D79107C53" markedGenerate="false"/>
      <object objectID="MDSYS" markedGenerate="false"/>
      <object objectID="5F253CAF-6489-3C0D-FE66-94C6FCEFBCA3" markedGenerate="true"/>
      <object objectID="PUBLIC" markedGenerate="false"/>
      <object objectID="47E390DE-0671-C4B1-8428-0F45CBEE18F8" markedGenerate="true"/>
      <object objectID="F72C39E0-D1CA-8821-2AD7-A1E95A37D3D1" markedGenerate="true"/>
      <object objectID="6AC4E95A-BF71-0B1C-A5F6-B72F40196ABF" markedGenerate="true"/>
      <object objectID="E267BA51-F528-9AF3-534F-A2C46529C1C4" markedGenerate="true"/>
      <object objectID="73244F09-5791-6358-BA14-75A70A01BBCA" markedGenerate="true"/>
      <object objectID="5A69B30A-3D12-3E64-C7FD-65A648E3FF3B" markedGenerate="true"/>
      <object objectID="370CE684-6433-523C-1AE8-A1008CD08FCA" markedGenerate="true"/>
      <object objectID="BA889BEA-56E1-C1E7-2F93-5516B97DB5FD" markedGenerate="true"/>
      <object objectID="34143AF0-1D9B-14BB-AD3E-071A9B9AD31C" markedGenerate="true"/>
      <object objectID="E9296C35-CD19-5845-FA29-2FE35EF0E1CC" markedGenerate="true"/>
      <object objectID="4B5408A0-DC80-D084-A45D-4225962572A8" markedGenerate="true"/>
      <object objectID="63D2750E-32DE-40CC-6A76-CFDF0E0B8209" markedGenerate="true"/>
      <object objectID="66D8692D-52E9-D1B4-FBE2-3EB81B70D920" markedGenerate="true"/>
      <object objectID="7EFA4A34-8039-BD22-8DF8-790AC7AF6533" markedGenerate="true"/>
      <object objectID="6A653239-47A2-33E8-23F3-639CE2023013" markedGenerate="true"/>
      <object objectID="3A07478E-E709-C64E-669E-300EC48A5860" markedGenerate="true"/>
      <object objectID="22C521E1-B47A-7638-73B8-139F3BB6AC57" markedGenerate="true"/>
      <object objectID="FBDC7383-1F62-7119-5DA4-B05AAAC1085C" markedGenerate="true"/>
      <object objectID="FAF785EA-9E57-191F-C405-6DA6D3665114" markedGenerate="true"/>
      <object objectID="D908414A-54A9-EE1E-2788-4E3078CAE6D2" markedGenerate="true"/>
      <object objectID="7628A894-B90B-CF19-D8C8-CD4CCDBA2E33" markedGenerate="true"/>
      <object objectID="F19873E7-77E4-1BAE-5212-70DA2E8F6BB7" markedGenerate="true"/>
      <object objectID="4F5785E1-FD74-B8CB-E5FB-0FB863673827" markedGenerate="true"/>
      <object objectID="C4CE6E21-FD8D-235E-6B8E-AC3995F033B1" markedGenerate="true"/>
      <object objectID="C290B28A-9078-AE63-4CE8-954CE52EFD8D" markedGenerate="true"/>
      <object objectID="8BB6BF9D-51F0-8E78-5B9D-FEA40D399F68" markedGenerate="true"/>
      <object objectID="C912CE52-25BC-DFB6-21C9-D2F78FB600FE" markedGenerate="true"/>
      <object objectID="01C96561-3338-7F80-9942-CB86F641A633" markedGenerate="true"/>
      <object objectID="AFDD15B4-86A2-E894-B9BD-04DF1A8323F7" markedGenerate="true"/>
      <object objectID="DB32FE16-3573-32F5-1419-7CA9EF7C617F" markedGenerate="true"/>
      <object objectID="378DA1F6-85EB-D6F2-0F08-DA60E8ECDF94" markedGenerate="true"/>
      <object objectID="C2DA3F33-2D8F-C2A3-0987-C69E923119A5" markedGenerate="true"/>
      <object objectID="8C4A2732-711A-2F92-A73F-CC958F75CFDB" markedGenerate="true"/>
      <object objectID="D834587A-B80C-CC66-0BCF-7184407FFEC8" markedGenerate="true"/>
      <object objectID="4D8DB7B3-7A72-3BE3-D8A9-0EB1D5EB64AC" markedGenerate="true"/>
      <object objectID="EB2E6D13-7481-9A87-416C-EBD3FCFEE743" markedGenerate="true"/>
      <object objectID="FCF3F1A1-B9D5-6625-3924-59EB9A1A89B9" markedGenerate="true"/>
      <object objectID="14819386-DB4A-A082-E3D7-642AC699C666" markedGenerate="true"/>
      <object objectID="A0AB3B04-465C-0F2B-ADE0-FA528EBA16AD" markedGenerate="true"/>
      <object objectID="0F237F5C-9076-3990-FE11-D90BCD2FC09C" markedGenerate="true"/>
      <object objectID="41CB401D-CBCA-7E83-5E77-6804A52CC65A" markedGenerate="true"/>
      <object objectID="CFC19ED8-00B8-86CE-3871-CCD9DDCBC693" markedGenerate="true"/>
      <object objectID="965DCBD8-5AAD-5FCF-2787-7FF82F0F9ABF" markedGenerate="true"/>
      <object objectID="AF69D9D3-BE06-A91D-FFFE-1B7C6983FB56" markedGenerate="true"/>
      <object objectID="2CE756FF-B8D5-E47F-B7DE-F30FE61F6A1C" markedGenerate="true"/>
      <object objectID="8B13BEE5-C1E5-A6C6-51DB-802E30DB10A4" markedGenerate="true"/>
      <object objectID="D97CE751-00BF-9494-57DA-955657DBC04C" markedGenerate="true"/>
      <object objectID="9D749D57-CC10-C85A-DAFD-A0ED98C1F765" markedGenerate="true"/>
      <object objectID="F3DCAFBD-87A9-5822-BDF5-3B483C404179" markedGenerate="true"/>
      <object objectID="FE749227-13E6-C75D-4527-EBDFD685690F" markedGenerate="true"/>
      <object objectID="03569DFC-96C2-E084-236A-3010F49756A5" markedGenerate="true"/>
      <object objectID="C36DE2D9-A777-1C51-902C-EF2A54AED80C" markedGenerate="true"/>
      <object objectID="E6CF5B58-C66F-6FCB-62EA-7CEC9B711362" markedGenerate="true"/>
   </storageDesignObject>
   <includeTableScripts/>
   <namesSubstitution/>
   <objectTypes>
      <objectType isSelected="false" type="Index"/>
      <objectType isSelected="false" type="Role"/>
      <objectType isSelected="false" type="Table"/>
      <objectType isSelected="false" type="Tablespace"/>
      <objectType isSelected="false" type="User"/>
   </objectTypes>
   <OSDDM_DDLPP>
      <db2_term_char db2_term_char=" "/>
      <type_subst_triggers isSelected="true"/>
      <fkarct_triggers isSelected="true"/>
      <fk_none_transferable_triggers isSelected="true"/>
      <show_char_byte_in_ddl isSelected="true"/>
      <extended_size_for_chars isSelected="false"/>
      <not_null_short_form_generation isSelected="false"/>
      <use_quoted_identifiers isSelected="false"/>
      <create_domains_during_import isSelected="true"/>
      <generate_comments_in_rdbms isSelected="true"/>
      <generate_inline_column_cc isSelected="false"/>
      <generate_valid_value_cc isSelected="true"/>
      <include_default_settings_in_ddl isSelected="false"/>
      <include_logging_in_ddl isSelected="true"/>
      <include_schema_in_ddl isSelected="true"/>
      <include_storage_in_ddl isSelected="true"/>
      <include_tablespace_in_ddl isSelected="true"/>
      <automatic_pk_generation isSelected="false"/>
      <automatic_uk_generation isSelected="false"/>
      <automatic_fk_generation isSelected="false"/>
      <include_pctfree_in_ddl isSelected="true"/>
      <include_pctused_in_ddl isSelected="true"/>
      <include_initrans_in_ddl isSelected="true"/>
      <include_initialextent_in_ddl isSelected="true"/>
      <include_nextextent_in_ddl isSelected="true"/>
      <include_minextents_in_ddl isSelected="true"/>
      <include_maxextents_in_ddl isSelected="true"/>
      <include_pctincrease_in_ddl isSelected="true"/>
      <include_bufferpool_in_ddl isSelected="true"/>
      <include_freelists_in_ddl isSelected="true"/>
      <include_freelistgroups_in_ddl isSelected="true"/>
      <include_optimal_in_ddl isSelected="true"/>
   </OSDDM_DDLPP>
   <dropSelection>
      <dropGeneratedObjectsOnly isSelected="true"/>
      <useDropDependencies isSelected="true"/>
      <dropableObject name="Tablas" isSelected="false"/>
      <dropableObject name="Índices" isSelected="false"/>
      <dropableObject name="Claves Ajenas" isSelected="false"/>
      <dropableObject name="Vistas Materializadas" isSelected="false"/>
      <dropableObject name="Logs de Vistas Materializadas" isSelected="false"/>
      <dropableObject name="Vistas" isSelected="false"/>
      <dropableObject name="Secuencias" isSelected="false"/>
      <dropableObject name="Tablespaces" isSelected="false"/>
   </dropSelection>
</DatamodelerPersistedDDLSelection>
